person_id,name,age,city
P001,Rahul Kumar,42,Noida
P002,Amit Sharma,22,Ghaziabad
P003,Neha Verma,30,Noida
P004,Arjun Singh,29,Noida
P005,Priya Mehta,45,Noida
P006,Karan Gupta,43,Ghaziabad
P007,Riya Jain,39,Noida
P008,Mohit Kapoor,40,Delhi
P009,Sneha Rao,23,Noida
P010,Vikash Malhotra,24,Noida
P011,Rohit Kumar,29,Ghaziabad
P012,Pooja Sharma,41,Noida
P013,Nitin Verma,39,Noida
P014,Anjali Singh,44,Ghaziabad
P015,Saurabh Mehta,44,Ghaziabad
P016,Kavita Gupta,35,Noida
P017,Manish Jain,36,Ghaziabad
P018,Simran Kapoor,30,Noida
P019,Deepak Rao,27,Ghaziabad
P020,Shreya Malhotra,35,Delhi
P021,Varun Kumar,30,Noida
P022,Komal Sharma,28,Delhi
P023,Akash Verma,25,Noida
P024,Meena Singh,34,Noida
P025,Tarun Mehta,33,Delhi
P026,Isha Gupta,41,Delhi
P027,Yash Jain,23,Ghaziabad
P028,Nisha Kapoor,36,Ghaziabad
P029,Rakesh Rao,25,Delhi
P030,Tanya Malhotra,24,Ghaziabad
P031,Aditya Kumar,31,Ghaziabad
P032,Megha Sharma,41,Delhi
P033,Vivek Verma,40,Noida
P034,Aarti Singh,44,Noida
P035,Harsh Mehta,23,Ghaziabad
P036,Divya Gupta,29,Delhi
P037,Gaurav Jain,24,Noida
P038,Sonia Kapoor,25,Delhi
P039,Raj Rao,30,Delhi
P040,Muskan Malhotra,42,Delhi
